{"0/precision": 0.891832229580574, "0/recall": 0.924908424908425, "0/f1-score": 0.9080692290402338, "0/support": 2184, "1/precision": 0.9215686274509803, "1/recall": 0.8872007366482505, "1/f1-score": 0.9040581749941355, "1/support": 2172, "micro avg/precision": 0.9061065197428834, "micro avg/recall": 0.9061065197428834, "micro avg/f1-score": 0.9061065197428834, "micro avg/support": 4356, "macro avg/precision": 0.9067004285157771, "macro avg/recall": 0.9060545807783378, "macro avg/f1-score": 0.9060637020171847, "macro avg/support": 4356, "weighted avg/precision": 0.9066594692900602, "weighted avg/recall": 0.9061065197428834, "weighted avg/f1-score": 0.9060692268850168, "weighted avg/support": 4356, "accuracy": 0.9061065197428834, "roc_auc": 0.965198724694581, "pr_auc": 0.9620908408568916}