{"0/precision": 0.9114163903363335, "0/recall": 0.8809523809523809, "0/f1-score": 0.8959254947613504, "0/support": 2184, "1/precision": 0.8841870824053452, "1/recall": 0.9139042357274402, "1/f1-score": 0.8988000905592031, "1/support": 2172, "micro avg/precision": 0.8973829201101928, "micro avg/recall": 0.8973829201101928, "micro avg/f1-score": 0.8973829201101927, "micro avg/support": 4356, "macro avg/precision": 0.8978017363708393, "macro avg/recall": 0.8974283083399106, "macro avg/f1-score": 0.8973627926602767, "macro avg/support": 4356, "weighted avg/precision": 0.8978392423046285, "weighted avg/recall": 0.8973829201101928, "weighted avg/f1-score": 0.8973588331619325, "weighted avg/support": 4356, "accuracy": 0.8973829201101928, "roc_auc": 0.9611784010955281, "pr_auc": 0.9550830347753321}